{
  "version": "v4",
  "repo": "borisyankov/DefinitelyTyped",
  "ref": "master",
  "path": "tsd_typings",
  "bundle": "tsd_typings/tsd.d.ts",
  "installed": {
    "es6-promise/es6-promise.d.ts": {
      "commit": "8ebc099072402b1a80d205c3eece59bed963ad87"
    },
    "rx/rx.d.ts": {
      "commit": "8ebc099072402b1a80d205c3eece59bed963ad87"
    },
    "rx/rx-lite.d.ts": {
      "commit": "8ebc099072402b1a80d205c3eece59bed963ad87"
    },
    "angular2/angular2.d.ts": {
      "commit": "f6c8ca47193fb67947944a3170912672ac3e908e"
    },
    "angular2/router.d.ts": {
      "commit": "f6c8ca47193fb67947944a3170912672ac3e908e"
    },
    "jquery/jquery.d.ts": {
      "commit": "e95958ac847d9a343bdc8d7cbc796a5f6da29f71"
    },
    "chartjs/chart.d.ts": {
      "commit": "e95958ac847d9a343bdc8d7cbc796a5f6da29f71"
    }
  }
}
